{"meta":{"centerLat":36.019,"centerLon":129.3435,"halfKm":5,"mLat":111320,"mLon":90038.06870520914,"minX":-5000,"maxX":5000,"minZ":-5000,"maxZ":5000,"N":80,"cellMeters":126.58227848101266},"elev":[27,33,41,52,65,79,102,141,135,119,120,141,174,222,205,173,143,140,138,127,165,204,180,174,165,158,158,149,143,115,102,102,90,86,96,85,61,49,66,54,43,55,48,52,59,54,29,16,14,9,5,7,-1,4,20,14,24,26,34,25,21,23,30,38,43,61,62,41,32,21,28,46,64,88,67,59,58,47,35,30,29,29,30,34,46,70,105,124,119,113,141,156,199,218,198,164,139,122,111,146,190,181,183,148,135,143,145,148,143,128,112,101,99,107,79,66,73,79,62,43,71,64,66,75,50,33,23,16,5,8,7,10,6,6,9,6,15,17,29,25,25,24,39,41,43,43,38,35,27,23,27,48,81,97,87,61,50,46,43,36,23,22,31,42,57,52,71,86,89,114,136,172,206,201,164,162,151,114,109,140,152,155,168,187,150,110,111,147,151,154,147,133,111,89,94,98,79,73,56,64,87,81,60,53,40,14,22,9,8,8,10,8,6,4,8,11,13,27,40,46,27,33,39,42,45,38,32,22,19,28,50,73,87,92,89,77,67,62,66,38,18,26,45,62,99,86,68,84,107,119,142,161,180,156,165,134,122,88,117,138,118,136,142,158,152,110,93,113,109,137,123,109,111,106,109,106,83,77,74,86,66,51,42,36,31,41,46,23,7,5,13,4,1,4,-4,1,13,23,39,28,31,35,40,42,40,34,28,23,25,51,78,92,82,84,78,71,74,68,61,43,20,32,53,95,121,106,93,92,97,113,129,126,145,154,129,114,113,87,110,106,121,100,122,121,136,129,103,85,79,116,117,107,110,91,74,89,90,85,81,66,60,59,69,60,50,47,31,2,3,5,-11,0,6,3,6,-5,3,20,17,20,30,36,33,40,26,23,22,21,51,69,82,90,79,61,82,68,78,62,51,44,19,42,66,117,131,133,118,107,101,109,111,100,128,167,141,118,99,76,75,101,126,88,87,120,124,105,111,77,78,103,117,90,79,79,65,52,49,59,60,54,67,65,56,49,23,6,2,2,2,2,-26,-14,8,8,7,10,-10,-1,12,18,23,50,44,51,30,25,21,20,50,67,84,75,59,62,73,62,74,65,44,38,34,52,92,144,166,151,129,112,96,89,82,93,151,159,144,136,129,103,61,62,95,92,81,107,117,94,103,69,61,76,97,67,71,50,51,59,37,30,39,30,44,38,28,2,2,2,2,2,-1,4,2,-15,2,6,7,5,-2,1,8,17,24,37,61,66,62,32,17,19,27,64,64,63,51,60,78,65,60,73,28,23,41,74,115,189,191,147,120,101,77,76,71,85,126,120,125,110,106,114,82,49,73,70,81,98,101,88,84,64,46,73,74,63,43,49,42,28,23,24,15,18,13,2,9,16,-6,2,-4,7,2,8,8,0,6,7,2,2,-10,-4,-4,18,39,62,70,80,76,47,18,12,23,46,46,63,32,69,78,58,59,69,32,21,44,92,157,183,205,150,128,91,59,65,64,80,90,95,118,94,85,120,94,62,48,52,72,82,82,79,75,70,34,51,66,64,44,25,31,31,22,24,13,9,2,14,0,-2,1,0,5,0,-2,-4,2,19,8,7,4,-15,-7,4,6,10,37,38,48,48,61,48,18,17,16,20,27,43,40,59,40,32,55,64,45,12,42,100,190,223,227,165,137,91,57,43,56,62,63,101,102,92,76,111,89,77,60,45,66,74,75,64,60,65,44,31,43,58,49,11,20,21,16,9,-1,3,2,-2,2,1,6,3,6,8,-6,-9,0,2,2,8,4,1,0,6,5,8,29,29,32,43,45,61,25,18,19,20,20,24,39,30,34,50,61,59,33,6,54,112,183,228,243,182,146,106,67,42,39,45,61,81,94,79,67,94,88,71,45,44,65,65,72,45,61,69,69,27,22,47,61,20,5,9,5,3,3,1,6,9,3,-2,0,8,10,0,-21,-18,-1,-5,-5,11,5,3,5,7,10,8,14,29,25,24,36,71,39,19,20,19,19,26,26,33,50,48,47,39,12,11,41,99,131,204,235,204,164,128,83,61,29,44,51,53,78,84,63,65,84,76,42,32,53,57,56,36,59,56,63,48,20,34,21,6,6,7,-5,3,4,5,0,-5,-1,-5,-5,-4,2,8,-11,-15,-10,4,8,6,4,5,5,5,9,6,6,26,15,16,32,53,40,14,12,18,18,18,27,40,57,59,52,21,9,14,38,70,128,158,225,233,179,128,92,67,41,30,34,49,80,82,66,44,71,66,32,36,41,45,40,28,48,50,52,41,19,13,10,7,3,2,5,-1,4,8,-5,-3,-1,1,-8,2,2,4,-6,1,-3,1,8,6,7,4,4,6,9,9,9,10,12,15,19,32,16,18,13,16,20,31,40,46,64,66,45,18,11,10,18,61,95,118,195,246,194,151,117,69,41,23,34,41,85,68,50,41,60,44,27,31,43,36,32,21,43,50,28,15,9,12,9,5,0,1,-2,1,4,6,16,0,6,0,-1,2,3,5,5,6,4,4,10,8,6,1,7,5,10,4,5,7,4,16,17,10,13,10,11,16,30,37,64,60,71,57,32,10,10,13,7,30,62,99,162,210,220,191,129,63,36,20,18,35,88,81,53,37,32,28,24,40,37,28,43,17,28,38,15,7,8,6,3,4,1,2,4,-2,4,-1,-2,7,5,1,6,5,4,6,7,4,2,4,4,8,8,10,2,7,8,7,5,5,8,9,10,7,9,9,13,19,34,69,60,77,64,58,24,8,8,12,5,12,49,73,117,171,194,171,103,60,38,13,15,36,86,96,44,32,22,22,20,38,35,17,20,12,14,8,5,7,7,5,0,2,2,2,1,4,1,4,5,0,5,5,7,7,6,4,5,6,5,4,5,5,7,8,3,8,6,7,7,5,6,5,7,12,12,11,26,34,64,60,57,64,51,39,24,11,6,0,1,9,20,46,95,121,122,146,130,74,29,13,13,62,119,107,54,26,29,16,21,29,14,9,8,7,6,5,3,4,6,2,-2,-1,8,2,3,3,2,2,7,8,4,5,4,5,3,4,4,5,3,2,4,5,2,7,8,7,6,8,10,6,6,7,4,11,9,10,38,56,61,70,51,43,36,37,14,7,6,7,1,1,7,14,35,51,52,70,85,89,30,1,10,40,82,110,52,23,16,14,14,9,6,4,5,4,3,6,6,3,3,3,1,3,4,0,1,-3,1,3,6,6,3,6,4,3,3,0,5,4,6,6,6,4,9,9,4,5,6,5,9,3,5,5,9,10,13,40,42,56,50,44,40,37,27,24,5,7,9,10,5,1,1,1,1,1,1,7,5,17,14,4,4,11,50,72,36,10,9,9,16,5,1,2,3,3,4,6,6,2,5,2,3,3,3,2,4,2,3,0,6,6,3,4,6,4,3,5,1,2,-3,3,4,9,5,7,6,6,5,8,5,6,4,6,9,11,12,39,36,44,28,29,23,31,20,8,14,11,24,38,10,6,5,3,28,46,40,20,7,1,1,1,1,3,5,14,12,9,9,15,8,3,3,2,4,5,4,0,2,2,6,5,4,1,5,0,-1,2,3,5,5,6,8,7,7,4,6,5,1,4,6,2,3,4,5,6,3,6,3,4,8,4,5,7,6,11,11,27,37,50,29,21,6,22,14,-1,13,7,10,17,8,12,14,6,71,114,109,80,53,39,5,6,12,1,1,1,4,5,9,7,9,6,8,6,3,4,2,3,5,4,4,4,2,3,3,2,5,1,6,5,4,8,7,11,7,5,3,4,4,3,3,5,3,6,8,6,5,5,6,6,7,5,4,6,4,6,14,20,41,21,5,11,8,-2,8,11,11,17,9,10,7,6,8,17,75,140,138,129,102,85,32,11,7,8,4,2,0,0,0,5,5,6,4,6,2,2,2,5,6,5,2,3,1,1,-4,-2,6,2,3,12,4,5,7,5,-1,5,4,4,3,3,4,6,5,3,7,0,4,1,6,5,7,0,2,5,5,8,11,15,11,25,36,10,5,4,1,6,14,13,14,10,6,5,6,31,74,122,160,156,128,97,81,19,10,7,7,14,3,1,0,1,2,2,1,5,6,6,2,4,3,4,4,7,3,4,2,1,4,0,6,5,15,5,6,2,-1,0,9,9,6,6,4,4,2,0,4,8,2,3,6,7,8,6,5,4,5,8,11,12,18,-5,4,7,7,12,7,10,7,7,23,26,5,5,8,33,72,133,174,179,167,141,102,30,8,8,7,47,10,5,0,0,1,0,5,2,6,2,7,6,1,5,3,2,2,7,4,3,1,1,11,6,4,1,0,1,5,0,1,0,4,1,4,5,3,2,3,2,5,-4,1,3,5,12,10,14,3,7,9,10,14,10,9,13,4,3,7,4,5,16,10,9,7,7,13,30,69,118,183,198,200,164,120,46,6,3,6,17,43,10,6,4,0,0,0,0,0,0,5,2,0,7,6,2,2,3,5,4,1,3,1,0,0,0,0,0,0,0,0,0,0,0,0,0,0,1,2,4,-6,-3,1,4,6,7,15,15,8,6,4,1,11,7,8,13,8,13,10,8,12,13,12,7,6,8,24,58,81,132,190,188,157,106,99,42,10,10,8,17,49,35,9,12,8,5,0,0,0,0,0,0,0,0,0,0,0,0,0,0,0,0,0,0,0,0,0,6,2,0,0,0,0,0,0,0,0,0,0,0,7,1,2,6,7,7,12,12,7,8,5,8,8,9,13,27,21,6,10,10,12,10,14,11,4,8,27,77,122,182,181,164,132,137,88,47,10,3,8,21,45,54,26,17,13,8,7,5,5,3,1,1,0,0,0,0,0,0,0,0,0,0,0,0,4,3,12,1,7,2,7,6,1,0,0,0,0,0,0,0,0,0,1,6,7,6,12,18,12,12,5,10,11,13,20,17,10,5,6,10,12,21,7,15,6,7,44,54,113,138,189,195,175,169,96,47,8,7,7,4,32,52,57,44,20,18,17,11,6,6,7,5,7,3,7,7,4,5,5,3,3,5,3,2,5,1,-8,3,5,6,5,3,3,-3,4,1,0,0,0,0,0,0,0,5,5,10,14,13,17,7,11,4,21,33,28,12,10,7,21,14,12,8,15,14,13,17,62,84,93,127,200,205,192,169,113,65,13,6,6,12,28,57,68,52,45,53,28,25,19,11,9,7,11,5,7,6,6,2,2,6,0,6,2,6,4,4,2,1,-1,5,3,5,2,2,5,4,0,1,0,0,0,0,0,0,10,16,8,7,9,12,11,7,15,21,8,10,11,8,9,17,8,15,9,13,15,28,58,104,139,120,168,169,159,170,109,53,11,8,10,22,35,57,68,57,77,76,52,29,33,33,31,19,15,8,4,6,9,11,1,7,5,3,1,6,6,0,9,6,1,1,4,6,-2,6,5,4,2,1,4,0,0,0,0,0,0,13,9,7,6,8,8,9,11,9,10,23,8,8,5,5,13,10,16,13,18,32,62,110,163,144,152,133,110,138,123,48,13,6,10,19,44,64,71,60,88,66,51,72,73,48,37,35,23,11,9,10,9,9,6,9,8,2,10,6,2,-1,3,5,-1,3,3,4,6,4,5,4,12,9,6,5,0,0,0,0,0,0,9,6,9,12,15,19,14,7,14,9,5,5,9,6,13,15,12,9,23,41,68,110,166,158,152,127,108,83,68,33,11,12,15,39,49,68,83,87,88,55,67,98,64,49,49,38,16,14,23,29,19,11,9,8,7,6,6,6,6,2,6,4,1,7,5,4,5,6,5,6,9,6,8,3,2,1,0,0,0,0,1,5,11,7,11,16,8,8,9,2,4,8,4,6,7,11,10,19,30,52,64,101,148,156,156,115,109,120,75,34,14,11,11,21,37,50,51,71,87,69,79,68,49,43,40,22,7,9,22,31,29,27,27,22,12,2,11,4,7,2,8,5,6,5,3,2,4,3,2,6,4,4,3,-2,5,-5,3,0,0,0,0,4,8,14,13,14,10,4,2,7,6,6,3,6,8,8,15,16,31,37,57,78,121,123,123,125,85,55,45,18,11,11,8,13,18,41,56,75,94,100,73,63,52,44,30,9,13,24,43,34,33,30,28,21,17,7,5,9,6,5,8,6,5,6,8,6,4,2,5,2,2,4,4,5,4,3,4,3,0,0,0,0,12,12,10,7,8,10,8,6,7,6,2,1,7,5,15,14,38,46,57,80,115,113,104,84,78,69,42,20,12,13,7,20,22,48,64,66,81,91,62,59,54,38,24,12,21,38,56,43,34,27,23,20,18,20,8,8,7,5,2,4,6,3,4,5,7,8,5,3,5,5,5,5,3,4,5,3,0,0,0,0,3,5,8,16,8,14,5,6,5,6,7,0,0,0,6,12,55,51,67,95,101,110,117,115,103,86,49,17,14,12,11,25,31,45,44,45,65,93,76,65,45,36,23,12,28,56,50,47,41,36,30,27,26,20,4,4,7,6,7,3,6,3,4,5,4,4,4,2,2,3,3,5,5,3,3,4,8,0,0,0,0,7,24,14,9,11,6,6,5,9,2,0,0,0,0,10,74,60,80,90,81,75,69,78,61,48,50,24,14,12,13,33,33,64,